gen_index,rank,real_index,distance
0,0,149,10.906104
0,1,297,11.196612
0,2,246,11.522473
0,3,112,11.661420
0,4,227,11.847738
1,0,17,9.609785
1,1,109,10.084563
1,2,104,10.201061
1,3,145,10.248940
1,4,4,10.377382
2,0,74,9.399395
2,1,30,9.662970
2,2,155,10.084552
2,3,77,10.092422
2,4,145,10.109290
3,0,145,9.127197
3,1,114,9.192797
3,2,155,9.533017
3,3,162,9.769221
3,4,77,9.803402
4,0,15,11.401840
4,1,309,11.593339
4,2,292,11.707907
4,3,186,11.771381
4,4,241,11.910132
5,0,61,8.857294
5,1,131,9.863571
5,2,50,9.903634
5,3,248,10.348803
5,4,168,10.394331
6,0,39,10.120849
6,1,212,10.134577
6,2,303,10.260133
6,3,143,10.487754
6,4,187,10.533165
7,0,304,9.354999
7,1,276,9.682537
7,2,145,9.709356
7,3,133,9.907282
7,4,155,10.006269
8,0,61,9.981156
8,1,3,10.130147
8,2,215,10.462296
8,3,176,10.482084
8,4,23,10.528998
9,0,22,7.995967
9,1,219,8.234067
9,2,107,8.429090
9,3,234,8.434194
9,4,93,8.465470
10,0,267,11.248519
10,1,152,12.296833
10,2,245,12.379308
10,3,185,12.532692
10,4,126,12.995748
11,0,26,10.870759
11,1,273,11.074585
11,2,116,11.284688
11,3,231,11.308960
11,4,277,11.381759
12,0,166,7.204548
12,1,258,7.961095
12,2,21,8.253247
12,3,38,8.331393
12,4,286,8.440335
13,0,40,10.792949
13,1,143,10.794964
13,2,303,10.914776
13,3,291,11.169995
13,4,86,11.464303
14,0,23,9.982985
14,1,219,10.056248
14,2,113,10.079421
14,3,131,10.115293
14,4,243,10.195818
15,0,191,10.100194
15,1,122,10.185217
15,2,207,10.402639
15,3,84,10.590310
15,4,156,10.593713
16,0,61,9.756273
16,1,131,10.077826
16,2,201,10.200164
16,3,215,10.220440
16,4,248,10.232505
17,0,144,11.082221
17,1,296,11.455565
17,2,61,11.494036
17,3,51,11.505856
17,4,68,11.565237
18,0,17,10.394386
18,1,38,10.423735
18,2,208,10.883575
18,3,222,10.890656
18,4,37,10.939646
19,0,38,10.662575
19,1,150,11.002513
19,2,207,11.159303
19,3,15,11.212831
19,4,17,11.367322
20,0,290,11.944530
20,1,229,12.065533
20,2,145,12.211277
20,3,276,12.222154
20,4,180,12.709411
21,0,145,10.101082
21,1,211,10.634830
21,2,28,10.944404
21,3,0,10.977978
21,4,276,11.145136
22,0,130,8.101159
22,1,114,9.065880
22,2,155,9.110511
22,3,146,9.384159
22,4,145,9.475017
23,0,35,9.507456
23,1,82,10.038384
23,2,46,11.618073
23,3,25,11.621650
23,4,76,11.675867
24,0,241,10.336247
24,1,277,10.404059
24,2,233,10.463472
24,3,156,10.467170
24,4,238,10.698219
25,0,292,10.692756
25,1,36,10.754371
25,2,233,10.969426
25,3,156,11.405600
25,4,241,11.418350
26,0,211,9.256065
26,1,145,9.674140
26,2,0,10.033887
26,3,276,10.127995
26,4,169,10.513631
27,0,222,9.297754
27,1,208,9.356822
27,2,38,9.402680
27,3,15,9.493917
27,4,69,9.913358
28,0,257,9.433577
28,1,157,9.896689
28,2,83,10.080611
28,3,61,10.353381
28,4,3,10.455309
29,0,190,8.544157
29,1,136,8.843394
29,2,17,9.458285
29,3,187,9.470591
29,4,277,9.501635
30,0,162,8.890000
30,1,291,9.006518
30,2,155,9.016678
30,3,39,9.175611
30,4,114,9.290600
31,0,34,9.391353
31,1,61,9.434485
31,2,168,10.285609
31,3,74,10.349201
31,4,302,10.410748
32,0,90,8.468371
32,1,215,9.090384
32,2,61,9.402590
32,3,30,9.533904
32,4,302,9.632369
33,0,17,7.796268
33,1,37,8.267253
33,2,21,8.673082
33,3,286,8.761102
33,4,208,8.953053
34,0,83,13.236796
34,1,255,13.647894
34,2,135,13.747602
34,3,140,13.894464
34,4,68,13.894884
35,0,166,8.110824
35,1,22,8.577111
35,2,233,8.606780
35,3,281,8.643898
35,4,282,8.920448
36,0,209,10.921839
36,1,145,11.356118
36,2,169,11.469477
36,3,28,11.516799
36,4,118,11.700778
37,0,143,10.868558
37,1,194,10.933370
37,2,3,11.597974
37,3,157,11.621464
37,4,257,11.852673
38,0,135,10.673196
38,1,83,10.753366
38,2,49,11.305527
38,3,236,11.328562
38,4,53,11.400375
39,0,7,11.802629
39,1,152,11.909412
39,2,267,12.259931
39,3,5,12.339934
39,4,241,12.732223
40,0,69,9.948614
40,1,76,10.315897
40,2,70,10.365757
40,3,222,10.435605
40,4,209,10.497099
41,0,296,9.076366
41,1,277,9.280073
41,2,144,9.355624
41,3,203,9.497873
41,4,23,9.653108
42,0,57,9.608714
42,1,31,9.608892
42,2,48,9.914632
42,3,67,10.486791
42,4,114,10.857719
43,0,140,10.198171
43,1,45,10.721272
43,2,257,11.268718
43,3,243,11.410397
43,4,144,11.536861
44,0,70,9.768609
44,1,36,9.950150
44,2,129,10.843162
44,3,76,10.855308
44,4,69,11.024094
45,0,61,9.980884
45,1,269,10.266826
45,2,215,11.083146
45,3,90,11.221307
45,4,45,11.244869
46,0,287,10.710672
46,1,258,10.813719
46,2,166,11.298306
46,3,112,11.342865
46,4,301,11.404174
47,0,131,9.566291
47,1,23,10.025836
47,2,277,10.032823
47,3,296,10.169156
47,4,248,10.344842
48,0,23,11.569964
48,1,126,11.633091
48,2,140,12.027019
48,3,203,12.041108
48,4,49,12.227663
49,0,233,8.362769
49,1,166,9.198720
49,2,300,9.274105
49,3,281,9.339686
49,4,38,9.460886
50,0,41,7.523726
50,1,90,8.516231
50,2,264,9.185431
50,3,23,9.199433
50,4,61,9.355950
51,0,210,9.476095
51,1,281,10.051646
51,2,233,10.178131
51,3,38,10.441584
51,4,301,10.454982
52,0,131,9.866148
52,1,215,10.202562
52,2,201,10.236816
52,3,113,10.305200
52,4,43,10.334561
53,0,51,9.620401
53,1,168,9.750229
53,2,68,9.906096
53,3,187,9.910722
53,4,302,9.987529
54,0,145,7.928521
54,1,190,8.773027
54,2,136,8.862220
54,3,289,8.888640
54,4,71,8.944060
55,0,45,9.795483
55,1,135,11.852324
55,2,14,12.003962
55,3,201,12.162492
55,4,61,12.376782
56,0,201,12.363790
56,1,269,12.412615
56,2,141,12.430584
56,3,45,12.443007
56,4,61,12.863366
57,0,144,11.321191
57,1,140,11.538642
57,2,2,11.673687
57,3,185,12.122213
57,4,245,12.237386
58,0,278,10.511353
58,1,214,11.231169
58,2,2,11.595687
58,3,292,12.024973
58,4,144,12.052789
59,0,145,9.972576
59,1,169,10.356005
59,2,118,10.680813
59,3,290,10.898841
59,4,28,10.942778
60,0,145,7.571727
60,1,130,8.878796
60,2,155,9.076875
60,3,137,9.129922
60,4,114,9.316300
61,0,145,9.413796
61,1,74,9.845827
61,2,90,9.913561
61,3,187,10.120073
61,4,39,10.413216
62,0,90,8.470458
62,1,264,8.583737
62,2,74,8.613365
62,3,161,8.645904
62,4,302,8.811897
63,0,14,8.270150
63,1,61,9.493432
63,2,135,9.760392
63,3,90,10.517276
63,4,215,10.656359
64,0,49,10.360159
64,1,201,10.554208
64,2,64,10.751090
64,3,27,10.849873
64,4,267,11.204515
65,0,25,9.786366
65,1,301,9.877651
65,2,233,10.104704
65,3,38,10.527030
65,4,210,10.580872
66,0,77,8.143961
66,1,74,8.489772
66,2,187,8.586637
66,3,143,8.625074
66,4,291,8.792684
67,0,61,9.238488
67,1,68,9.669356
67,2,291,9.779231
67,3,19,9.897287
67,4,215,9.931015
68,0,121,9.587729
68,1,9,9.792759
68,2,230,9.945542
68,3,145,9.952775
68,4,154,10.238924
69,0,210,10.617805
69,1,245,10.872087
69,2,152,11.336392
69,3,267,11.755679
69,4,107,11.780685
70,0,183,8.622792
70,1,12,8.797284
70,2,75,9.749593
70,3,258,10.451227
70,4,103,10.957548
71,0,131,9.234510
71,1,277,9.742792
71,2,296,9.771679
71,3,107,9.865805
71,4,250,9.869776
72,0,39,9.313189
72,1,30,9.401318
72,2,168,9.456069
72,3,155,9.457340
72,4,145,9.463085
73,0,301,9.420317
73,1,209,9.539920
73,2,281,9.671064
73,3,197,9.816368
73,4,282,10.031022
74,0,149,11.943958
74,1,51,12.027020
74,2,219,12.064288
74,3,106,12.271784
74,4,297,12.299485
75,0,245,10.118627
75,1,6,10.261923
75,2,277,10.982349
75,3,156,11.047198
75,4,267,11.277403
76,0,61,9.046676
76,1,168,9.636104
76,2,157,9.718012
76,3,14,9.719073
76,4,3,9.779246
77,0,229,12.257755
77,1,290,12.536516
77,2,145,12.571827
77,3,169,12.604052
77,4,276,12.647982
78,0,49,8.644096
78,1,201,9.230769
78,2,23,9.419306
78,3,53,9.562863
78,4,236,9.579915
79,0,25,10.899989
79,1,97,11.236608
79,2,65,11.376548
79,3,124,11.440920
79,4,233,11.748644
80,0,69,9.302529
80,1,15,9.464018
80,2,76,9.515340
80,3,70,9.947611
80,4,222,10.005351
81,0,12,10.834476
81,1,139,11.122926
81,2,15,11.492875
81,3,278,11.810805
81,4,183,11.901046
82,0,138,11.502918
82,1,144,11.642397
82,2,267,11.897399
82,3,241,11.953301
82,4,292,12.301508
83,0,20,8.648116
83,1,98,8.780364
83,2,112,9.341307
83,3,145,9.689434
83,4,273,9.998532
84,0,107,10.073227
84,1,250,10.089746
84,2,131,10.097236
84,3,161,10.334785
84,4,113,10.438015
85,0,9,8.049916
85,1,229,8.290984
85,2,242,8.732821
85,3,130,9.228951
85,4,204,9.327539
86,0,121,7.914968
86,1,229,8.003875
86,2,120,8.041033
86,3,9,8.282643
86,4,240,8.554720
87,0,165,10.707293
87,1,46,10.744085
87,2,170,10.963488
87,3,164,11.505372
87,4,35,11.660122
88,0,94,14.146008
88,1,187,14.339599
88,2,145,14.415269
88,3,276,14.716521
88,4,219,14.796448
89,0,17,8.341146
89,1,207,8.597488
89,2,160,8.698625
89,3,104,8.762237
89,4,286,8.903577
90,0,252,11.532483
90,1,55,11.990879
90,2,99,13.092549
90,3,170,13.109052
90,4,237,13.125421
91,0,282,9.864237
91,1,233,10.129809
91,2,292,10.577393
91,3,70,10.585503
91,4,241,10.680751
92,0,55,12.327447
92,1,288,12.356251
92,2,237,12.497532
92,3,5,12.641489
92,4,287,12.725066
93,0,245,10.535060
93,1,6,10.550671
93,2,49,11.091816
93,3,1,11.125768
93,4,156,11.220956
94,0,41,7.990817
94,1,90,8.295978
94,2,264,8.422549
94,3,30,8.909826
94,4,123,9.115189
95,0,122,12.224698
95,1,186,12.327402
95,2,207,12.672633
95,3,38,13.026873
95,4,93,13.196239
96,0,166,8.035440
96,1,38,8.506281
96,2,207,8.722123
96,3,233,8.833785
96,4,281,8.902401
97,0,210,11.444184
97,1,47,11.568817
97,2,262,11.598987
97,3,156,11.652838
97,4,36,11.901195
98,0,61,11.091673
98,1,302,11.516004
98,2,176,12.271525
98,3,3,12.292325
98,4,269,12.305531
99,0,281,9.362349
99,1,107,9.641825
99,2,93,9.829839
99,3,60,9.890267
99,4,233,9.935814
100,0,23,8.901849
100,1,277,9.463862
100,2,131,10.023011
100,3,302,10.129168
100,4,27,10.243415
101,0,257,8.731967
101,1,161,8.852293
101,2,243,9.014850
101,3,62,9.215475
101,4,273,9.242854
102,0,107,8.547507
102,1,93,8.808610
102,2,60,9.245300
102,3,234,9.388217
102,4,62,9.477799
103,0,15,11.999454
103,1,35,12.595931
103,2,97,13.039489
103,3,124,13.169943
103,4,278,13.361076
104,0,267,10.526665
104,1,241,10.747332
104,2,254,10.793257
104,3,55,10.830645
104,4,152,10.887643
105,0,90,7.570590
105,1,264,7.923073
105,2,74,8.159699
105,3,98,8.355041
105,4,41,8.661033
106,0,234,9.732162
106,1,107,9.847968
106,2,4,10.034909
106,3,62,10.199101
106,4,168,10.234134
107,0,281,9.522267
107,1,116,9.760196
107,2,235,10.117908
107,3,190,10.233316
107,4,23,10.403689
108,0,253,9.288442
108,1,137,9.374616
108,2,109,9.426635
108,3,184,9.472581
108,4,104,9.483288
109,0,262,10.302116
109,1,210,10.963401
109,2,309,11.357330
109,3,292,11.602509
109,4,301,12.103986
110,0,51,9.623598
110,1,93,9.855920
110,2,145,9.874537
110,3,59,9.909213
110,4,187,10.032917
111,0,61,10.270800
111,1,201,11.178288
111,2,248,11.383724
111,3,45,11.397305
111,4,176,11.639235
112,0,163,10.421568
112,1,120,11.102043
112,2,147,11.115260
112,3,9,11.158020
112,4,121,11.389816
113,0,229,9.331504
113,1,121,9.400194
113,2,9,9.471895
113,3,242,9.955415
113,4,130,9.962356
114,0,61,9.673238
114,1,248,9.880237
114,2,131,10.011865
114,3,215,10.025252
114,4,296,10.106501
115,0,168,9.534160
115,1,30,9.617603
115,2,219,9.704082
115,3,243,9.751287
115,4,131,9.794233
116,0,176,10.714146
116,1,62,11.307017
116,2,226,11.434845
116,3,145,11.645788
116,4,61,11.677670
117,0,282,8.254766
117,1,136,8.569002
117,2,107,8.637810
117,3,233,8.642013
117,4,281,8.698877
118,0,98,7.451794
118,1,30,7.973184
118,2,56,8.098269
118,3,80,8.237784
118,4,264,8.269730
119,0,112,9.765394
119,1,219,9.784148
119,2,136,9.806667
119,3,107,9.881923
119,4,111,10.137853
120,0,110,9.634665
120,1,280,9.750420
120,2,12,9.753136
120,3,166,9.836629
120,4,38,10.147544
121,0,215,12.461995
121,1,45,12.526705
121,2,61,12.607504
121,3,257,13.042005
121,4,201,13.134606
122,0,77,7.913584
122,1,74,8.003703
122,2,187,8.225075
122,3,30,8.371927
122,4,90,8.422175
123,0,245,10.031846
123,1,144,10.050608
123,2,277,10.261697
123,3,152,10.655560
123,4,140,10.827313
124,0,26,9.287032
124,1,111,9.323040
124,2,116,9.388167
124,3,136,9.816906
124,4,286,10.019854
125,0,97,11.931499
125,1,25,11.963815
125,2,205,12.263391
125,3,233,12.306384
125,4,70,12.767385
126,0,14,7.844481
126,1,61,9.220203
126,2,90,9.527250
126,3,215,9.543703
126,4,269,9.799267
127,0,120,7.282088
127,1,229,8.795553
127,2,242,9.246789
127,3,31,9.644499
127,4,92,9.728407
128,0,157,8.166851
128,1,126,9.477802
128,2,3,9.478698
128,3,257,9.529210
128,4,53,9.642974
129,0,145,8.639364
129,1,176,9.959249
129,2,187,9.971501
129,3,136,10.073827
129,4,74,10.179766
130,0,83,10.075927
130,1,201,10.458580
130,2,3,10.603146
130,3,131,10.634996
130,4,257,10.817199
131,0,254,9.521918
131,1,250,9.839589
131,2,131,9.861244
131,3,152,10.308679
131,4,235,10.469639
132,0,20,11.173984
132,1,136,11.260642
132,2,145,11.289998
132,3,283,11.646226
132,4,108,11.655601
133,0,156,9.183732
133,1,38,9.192235
133,2,122,9.529304
133,3,233,9.940632
133,4,281,10.020709
134,0,7,11.139524
134,1,38,11.698983
134,2,208,11.721642
134,3,1,11.841150
134,4,287,11.895570
135,0,53,10.482917
135,1,141,11.408377
135,2,131,11.458021
135,3,140,11.577659
135,4,134,11.693434
136,0,140,10.312447
136,1,53,10.626439
136,2,134,10.683836
136,3,83,10.771647
136,4,201,10.778269
137,0,233,9.073303
137,1,70,10.202087
137,2,234,10.203134
137,3,281,10.315166
137,4,69,10.440795
138,0,35,10.535509
138,1,261,10.654531
138,2,165,10.956540
138,3,82,11.136710
138,4,170,12.167398
139,0,145,10.021437
139,1,133,11.630123
139,2,176,11.721138
139,3,136,11.802214
139,4,220,11.827335
140,0,140,10.475121
140,1,45,10.725287
140,2,257,10.817605
140,3,243,11.123057
140,4,83,11.130877
141,0,307,9.431189
141,1,264,9.761277
141,2,251,9.943103
141,3,243,10.282363
141,4,102,10.387529
142,0,66,8.933579
142,1,222,9.130964
142,2,208,9.534246
142,3,301,9.541938
142,4,71,9.585642
143,0,77,8.180053
143,1,187,8.449005
143,2,50,8.942730
143,3,168,8.988535
143,4,71,9.011569
144,0,17,7.583076
144,1,195,8.052835
144,2,104,8.165954
144,3,37,8.268456
144,4,160,8.428116
145,0,222,9.886175
145,1,21,10.272398
145,2,156,10.669621
145,3,69,10.671383
145,4,234,10.718374
146,0,125,10.953000
146,1,52,10.978316
146,2,241,11.055512
146,3,292,11.274155
146,4,2,11.341293
147,0,168,8.468847
147,1,62,8.871801
147,2,234,8.893171
147,3,106,9.163929
147,4,273,9.191495
148,0,74,9.057821
148,1,187,9.218008
148,2,168,9.319664
148,3,145,9.538058
148,4,231,9.604883
149,0,194,10.376665
149,1,220,11.977014
149,2,107,12.178573
149,3,112,12.432609
149,4,133,12.518209
150,0,90,8.422473
150,1,219,8.857063
150,2,187,8.960563
150,3,161,8.983937
150,4,30,9.017653
151,0,20,8.577709
151,1,60,9.013733
151,2,98,9.015835
151,3,26,9.174836
151,4,234,9.364552
152,0,215,9.516863
152,1,272,9.572777
152,2,30,10.386372
152,3,61,10.388733
152,4,269,10.445175
153,0,61,11.079086
153,1,155,11.080169
153,2,145,11.092443
153,3,74,11.399752
153,4,130,11.460996
154,0,14,10.266936
154,1,212,10.868552
154,2,157,10.892561
154,3,61,10.896850
154,4,3,10.940992
155,0,23,13.950662
155,1,199,14.095487
155,2,296,14.174056
155,3,61,14.495710
155,4,126,14.535933
156,0,201,10.349186
156,1,49,10.769789
156,2,176,10.814204
156,3,243,11.011255
156,4,254,11.047698
157,0,14,8.971836
157,1,90,9.044470
157,2,19,9.434871
157,3,61,9.553407
157,4,74,9.767150
158,0,83,9.995886
158,1,201,10.184354
158,2,131,10.864109
158,3,3,10.922023
158,4,53,10.951057
159,0,14,10.010932
159,1,61,10.101182
159,2,135,10.684499
159,3,90,10.949103
159,4,74,10.954208
160,0,52,10.340832
160,1,277,10.547598
160,2,262,10.920358
160,3,6,11.097172
160,4,245,11.141994
161,0,240,8.356775
161,1,114,8.637513
161,2,130,8.986144
161,3,145,9.043386
161,4,242,9.099910
162,0,45,9.848433
162,1,61,10.283348
162,2,14,10.301136
162,3,53,10.447001
162,4,215,10.664125
163,0,45,11.338611
163,1,135,11.750540
163,2,157,12.342462
163,3,14,12.414530
163,4,269,12.459313
164,0,77,9.234348
164,1,71,9.285707
164,2,137,9.480938
164,3,145,9.648735
164,4,91,9.918913
165,0,195,8.736667
165,1,98,8.830949
165,2,160,8.989693
165,3,85,9.095572
165,4,116,9.145879
166,0,90,8.338104
166,1,113,8.902998
166,2,219,9.105589
166,3,268,9.261145
166,4,41,9.442382
167,0,36,9.730669
167,1,12,10.381216
167,2,278,10.729649
167,3,70,10.813324
167,4,183,10.920461
168,0,14,7.798671
168,1,61,8.624876
168,2,135,9.218151
168,3,269,9.317677
168,4,19,9.748044
169,0,112,10.700373
169,1,149,10.883740
169,2,209,10.921655
169,3,145,10.944537
169,4,246,11.444680
170,0,246,10.257521
170,1,145,10.442396
170,2,289,10.768337
170,3,297,10.892513
170,4,108,11.291111
171,0,210,9.261922
171,1,281,9.506551
171,2,233,9.991546
171,3,301,10.186637
171,4,38,10.744156
172,0,114,7.352011
172,1,155,7.520090
172,2,74,8.136227
172,3,77,8.168760
172,4,162,8.359937
173,0,274,10.066778
173,1,292,10.081512
173,2,233,10.348629
173,3,245,10.459885
173,4,222,10.463437
174,0,140,11.541096
174,1,203,11.851375
174,2,185,11.887267
174,3,144,11.999100
174,4,245,12.178097
175,0,1,7.961033
175,1,38,8.144643
175,2,17,8.204438
175,3,281,8.298931
175,4,286,8.562910
176,0,269,9.729721
176,1,19,9.910023
176,2,135,10.129951
176,3,157,10.677987
176,4,3,10.770131
177,0,40,9.388844
177,1,30,9.412798
177,2,291,9.451179
177,3,19,9.542086
177,4,215,9.967201
178,0,145,9.212150
178,1,130,9.682815
178,2,137,9.737124
178,3,114,9.830479
178,4,253,10.139132
179,0,98,7.915508
179,1,160,8.468278
179,2,117,8.472165
179,3,253,8.750094
179,4,136,8.875340
180,0,116,9.624359
180,1,281,9.705534
180,2,111,9.765860
180,3,247,10.003375
180,4,277,10.062209
181,0,17,11.254027
181,1,38,11.287854
181,2,37,11.322752
181,3,208,11.329634
181,4,15,11.558830
182,0,253,8.022799
182,1,240,8.091476
182,2,145,8.227263
182,3,154,8.417616
182,4,195,8.522760
183,0,238,8.775938
183,1,221,9.157706
183,2,245,9.606964
183,3,192,9.727309
183,4,1,9.950831
184,0,107,8.457831
184,1,93,8.891572
184,2,234,8.897337
184,3,233,9.248971
184,4,282,9.321478
185,0,61,9.275313
185,1,90,9.761911
185,2,74,9.795950
185,3,220,9.983721
185,4,14,9.988308
186,0,135,10.823437
186,1,45,11.751184
186,2,14,12.321970
186,3,201,12.805772
186,4,269,12.930081
187,0,145,7.968746
187,1,230,9.081745
187,2,136,9.358867
187,3,240,9.389494
187,4,28,9.555240
188,0,201,11.953574
188,1,135,13.092806
188,2,49,13.262726
188,3,45,13.364388
188,4,53,13.366711
189,0,61,8.268294
189,1,302,8.290009
189,2,3,8.993644
189,3,269,9.084459
189,4,131,9.191459
190,0,249,12.666099
190,1,115,12.720295
190,2,280,12.795296
190,3,139,13.158519
190,4,288,13.426781
191,0,293,9.861724
191,1,44,10.093406
191,2,20,10.483999
191,3,98,10.503577
191,4,297,10.522211
192,0,227,10.847228
192,1,145,11.001221
192,2,112,11.049057
192,3,132,11.276758
192,4,220,11.324172
193,0,31,10.725578
193,1,92,10.912298
193,2,48,11.671435
193,3,169,11.976871
193,4,229,12.051016
194,0,112,9.162657
194,1,209,9.716146
194,2,149,9.779037
194,3,109,10.021793
194,4,289,10.090514
195,0,250,9.660045
195,1,201,9.697581
195,2,27,9.764750
195,3,134,9.895480
195,4,241,10.077280
196,0,90,8.979625
196,1,61,9.172338
196,2,273,9.274776
196,3,131,9.373561
196,4,264,9.682947
197,0,205,12.833546
197,1,3,12.957212
197,2,179,13.201019
197,3,254,13.438386
197,4,267,13.674531
198,0,90,7.905246
198,1,264,8.396868
198,2,41,9.786216
198,3,74,9.941123
198,4,30,9.969267
199,0,23,9.969821
199,1,241,10.719117
199,2,243,10.915236
199,3,144,11.001570
199,4,126,11.082223
200,0,233,8.524673
200,1,166,8.882414
200,2,69,9.054461
200,3,281,9.094777
200,4,38,9.120090
201,0,282,8.893944
201,1,281,9.665031
201,2,235,9.838221
201,3,233,9.865755
201,4,197,9.873924
202,0,74,8.681393
202,1,30,8.819866
202,2,146,8.825473
202,3,90,9.090353
202,4,50,9.142204
203,0,282,9.057343
203,1,54,9.861897
203,2,136,10.023565
203,3,233,10.077458
203,4,112,10.158569
204,0,14,8.558568
204,1,61,9.278366
204,2,90,9.372536
204,3,215,9.708892
204,4,141,9.942879
205,0,145,8.313421
205,1,109,8.934765
205,2,91,9.353038
205,3,229,9.603828
205,4,195,9.677285
206,0,291,9.244997
206,1,19,9.815246
206,2,40,9.886687
206,3,215,9.984571
206,4,61,10.000961
207,0,90,9.092162
207,1,264,9.490422
207,2,74,9.625837
207,3,273,9.785393
207,4,61,9.810628
208,0,14,8.985907
208,1,61,10.678310
208,2,273,11.182335
208,3,157,11.498742
208,4,90,11.755113
209,0,114,8.323214
209,1,240,8.541185
209,2,275,8.679371
209,3,145,8.923917
209,4,242,9.044760
210,0,90,9.028996
210,1,23,9.054310
210,2,61,9.142020
210,3,113,9.156703
210,4,215,9.168181
211,0,74,8.463772
211,1,143,8.627115
211,2,307,9.123080
211,3,61,9.184676
211,4,168,9.209205
212,0,61,10.792847
212,1,257,11.133270
212,2,187,11.254245
212,3,272,11.335976
212,4,273,11.411615
213,0,17,8.861108
213,1,145,9.268253
213,2,136,9.546530
213,3,112,9.773890
213,4,221,9.874314
214,0,45,11.833114
214,1,14,12.192445
214,2,135,12.252914
214,3,141,12.813839
214,4,53,12.879695
215,0,212,9.017297
215,1,135,9.926687
215,2,19,9.995687
215,3,269,10.388322
215,4,157,10.832585
216,0,16,15.424293
216,1,246,15.509418
216,2,228,15.722840
216,3,109,15.784319
216,4,283,15.807952
217,0,131,8.746065
217,1,51,9.076626
217,2,168,9.125113
217,3,68,9.404647
217,4,250,9.628005
218,0,134,11.167730
218,1,126,12.068818
218,2,49,12.193120
218,3,23,12.339746
218,4,277,12.444420
219,0,6,9.718172
219,1,156,10.106087
219,2,207,10.220700
219,3,221,10.423842
219,4,1,10.481476
220,0,219,7.629993
220,1,243,7.992325
220,2,113,8.241825
220,3,264,8.448799
220,4,136,8.509975
221,0,163,10.505393
221,1,63,11.789446
221,2,95,11.876131
221,3,9,11.888831
221,4,147,11.992215
222,0,300,8.455518
222,1,166,9.886662
222,2,233,10.045478
222,3,186,10.065666
222,4,22,10.222679
223,0,264,8.230876
223,1,98,8.363335
223,2,41,8.781827
223,3,136,9.156023
223,4,90,9.330866
224,0,253,8.766526
224,1,104,8.796515
224,2,221,8.955895
224,3,109,9.066762
224,4,17,9.087761
225,0,246,7.357982
225,1,127,7.651784
225,2,91,8.550637
225,3,145,8.561827
225,4,299,8.744282
226,0,23,10.480288
226,1,144,10.988317
226,2,241,11.126371
226,3,51,11.205119
226,4,243,11.219405
227,0,274,11.364892
227,1,245,11.366006
227,2,292,11.407615
227,3,247,11.720968
227,4,222,11.790236
228,0,93,9.841443
228,1,98,9.920300
228,2,168,9.989161
228,3,176,10.086028
228,4,107,10.088361
229,0,268,11.308637
229,1,113,11.875958
229,2,41,11.913632
229,3,273,12.371357
229,4,289,12.609798
230,0,144,11.057900
230,1,277,11.301102
230,2,245,12.206898
230,3,203,12.407091
230,4,247,12.551904
231,0,145,7.712805
231,1,190,8.629857
231,2,98,8.736020
231,3,77,8.866462
231,4,136,8.955269
232,0,161,7.248885
232,1,273,8.662192
232,2,219,8.786090
232,3,257,9.016478
232,4,243,9.904534
233,0,74,7.620772
233,1,41,7.928044
233,2,187,7.948454
233,3,77,7.968206
233,4,90,7.992470
234,0,74,7.966226
234,1,143,8.531136
234,2,155,8.747227
234,3,307,8.870326
234,4,30,9.024581
235,0,17,8.688782
235,1,198,9.960294
235,2,227,10.013242
235,3,112,10.052884
235,4,149,10.101931
236,0,145,11.598255
236,1,61,11.603048
236,2,176,11.772512
236,3,155,11.953074
236,4,90,12.083490
237,0,140,11.103946
237,1,51,11.140203
237,2,301,11.292179
237,3,281,11.341859
237,4,250,11.355371
238,0,281,8.007253
238,1,233,8.073734
238,2,166,8.524848
238,3,210,8.636011
238,4,238,8.767978
239,0,187,8.847783
239,1,109,8.964046
239,2,155,8.969540
239,3,304,9.067338
239,4,114,9.068115
240,0,145,10.811165
240,1,0,10.910808
240,2,91,10.980924
240,3,198,11.022892
240,4,28,11.063242
241,0,210,10.284527
241,1,183,10.623110
241,2,76,10.909977
241,3,233,11.199080
241,4,6,11.243643
242,0,157,8.138282
242,1,131,9.591924
242,2,257,9.690167
242,3,248,9.756734
242,4,53,9.757988
243,0,140,10.693192
243,1,144,11.748332
243,2,203,11.863095
243,3,236,12.355977
243,4,296,12.397278
244,0,229,8.095798
244,1,242,8.231436
244,2,120,8.311259
244,3,121,9.226810
244,4,9,9.346800
245,0,187,11.084096
245,1,304,11.424405
245,2,176,11.538266
245,3,39,11.638685
245,4,220,11.825599
246,0,98,8.531812
246,1,41,8.866031
246,2,154,9.045056
246,3,20,9.243043
246,4,284,9.322712
247,0,245,12.399351
247,1,192,12.428428
247,2,125,12.507725
247,3,87,12.576254
247,4,5,12.579697
248,0,241,11.081080
248,1,199,12.172359
248,2,287,12.242260
248,3,305,12.272470
248,4,138,12.352306
249,0,219,9.914013
249,1,113,9.972126
249,2,93,10.177289
249,3,131,10.202557
249,4,107,10.268092
250,0,36,12.011843
250,1,171,12.357142
250,2,245,12.528938
250,3,277,12.644483
250,4,247,12.676147
251,0,277,11.028491
251,1,241,11.667008
251,2,233,11.743893
251,3,281,11.927157
251,4,247,12.033957
252,0,14,8.769429
252,1,135,9.034325
252,2,61,9.873102
252,3,212,9.885884
252,4,303,10.699372
253,0,212,9.107207
253,1,135,9.429701
253,2,19,10.332553
253,3,3,10.755708
253,4,157,10.767218
254,0,2,11.143594
254,1,125,11.404324
254,2,241,11.645343
254,3,144,11.743549
254,4,185,11.938630
255,0,155,8.122772
255,1,114,8.365025
255,2,162,8.785159
255,3,145,9.046706
255,4,77,9.084530
256,0,154,8.122123
256,1,240,8.193102
256,2,114,9.353752
256,3,145,9.412409
256,4,98,9.526939
257,0,113,8.909176
257,1,219,9.007937
257,2,90,9.306589
257,3,131,9.353165
257,4,273,9.395716
258,0,36,9.280823
258,1,12,9.451240
258,2,15,9.836893
258,3,183,10.336566
258,4,166,10.451995
259,0,113,8.570298
259,1,250,9.087019
259,2,226,9.247614
259,3,243,9.601686
259,4,219,9.703835
260,0,238,8.600146
260,1,221,8.628141
260,2,156,10.100544
260,3,192,10.161435
260,4,190,10.171728
261,0,53,10.815116
261,1,236,10.946445
261,2,64,11.084928
261,3,157,11.581825
261,4,14,11.754422
262,0,70,8.577574
262,1,233,9.227095
262,2,69,9.400548
262,3,282,10.424899
262,4,300,10.477920
263,0,145,8.367344
263,1,90,9.183284
263,2,74,9.215976
263,3,155,9.369862
263,4,154,9.626183
264,0,14,9.417686
264,1,135,9.987862
264,2,269,10.147470
264,3,19,10.201441
264,4,68,10.268888
265,0,201,10.167974
265,1,45,10.567237
265,2,49,10.878844
265,3,131,11.097534
265,4,27,11.103806
266,0,234,9.057579
266,1,74,9.530875
266,2,90,9.630107
266,3,145,9.645239
266,4,62,9.645512
267,0,20,8.469871
267,1,98,8.768713
267,2,112,9.609823
267,3,107,10.006203
267,4,96,10.062983
268,0,243,12.010385
268,1,100,12.177700
268,2,209,12.303753
268,3,60,12.330170
268,4,241,12.496645
269,0,23,9.199384
269,1,302,9.665019
269,2,61,9.672572
269,3,277,9.913222
269,4,131,10.221405
270,0,1,7.692326
270,1,17,8.098575
270,2,281,8.459642
270,3,238,8.571362
270,4,4,8.617800
271,0,241,8.546361
271,1,281,10.143342
271,2,54,10.155544
271,3,100,10.177559
271,4,292,10.179423
272,0,269,8.824796
272,1,19,8.915835
272,2,3,9.306858
272,3,61,9.611099
272,4,40,9.662079
273,0,17,10.516324
273,1,112,10.874285
273,2,310,10.965024
273,3,166,11.054508
273,4,84,11.315114
274,0,61,11.071663
274,1,215,11.129336
274,2,248,11.163207
274,3,257,11.624354
274,4,296,11.813644
275,0,107,7.932419
275,1,93,8.255783
275,2,234,8.924755
275,3,60,9.282374
275,4,263,9.704392
276,0,76,10.759577
276,1,66,11.013037
276,2,110,11.300360
276,3,69,11.335628
276,4,15,11.401326
277,0,112,9.966674
277,1,209,10.553450
277,2,198,11.034099
277,3,132,11.147074
277,4,235,11.699816
278,0,23,12.136925
278,1,296,12.220016
278,2,201,12.229687
278,3,248,12.237375
278,4,141,12.305634
279,0,145,9.732833
279,1,198,9.775264
279,2,190,10.201689
279,3,77,10.326724
279,4,59,10.344721
280,0,136,7.833702
280,1,112,8.090462
280,2,96,8.245327
280,3,22,8.595586
280,4,17,8.655330
281,0,136,9.126933
281,1,22,9.514368
281,2,219,9.797744
281,3,112,9.831171
281,4,96,9.980516
282,0,241,10.957320
282,1,138,10.968572
282,2,23,11.720005
282,3,49,11.742939
282,4,201,12.088495
283,0,97,9.713247
283,1,263,9.894835
283,2,233,10.010791
283,3,281,10.033431
283,4,107,10.302205
284,0,229,10.164486
284,1,120,10.249185
284,2,9,10.971638
284,3,121,11.228433
284,4,95,11.338826
285,0,209,10.161754
285,1,243,10.540152
285,2,226,10.632792
285,3,113,10.751595
285,4,136,11.017814
286,0,135,9.843037
286,1,14,11.729006
286,2,45,12.340998
286,3,269,12.763031
286,4,157,13.061227
287,0,90,9.777168
287,1,61,9.811452
287,2,277,9.893701
287,3,20,10.097797
287,4,98,10.307145
288,0,221,9.253902
288,1,156,9.602631
288,2,234,9.723666
288,3,62,9.850116
288,4,6,9.927099
289,0,82,9.085538
289,1,35,10.237523
289,2,274,11.186098
289,3,233,11.315513
289,4,25,11.470293
290,0,230,7.694753
290,1,195,8.469532
290,2,63,8.679898
290,3,117,8.782560
290,4,9,9.041200
291,0,222,9.632866
291,1,164,9.704370
291,2,117,9.709998
291,3,150,9.758269
291,4,160,9.901339
292,0,156,10.816589
292,1,176,10.874001
292,2,277,10.931865
292,3,144,11.103547
292,4,62,11.118417
293,0,61,9.614388
293,1,23,10.106322
293,2,50,10.237676
293,3,131,10.243710
293,4,187,10.284514
294,0,292,10.209079
294,1,233,10.733537
294,2,241,10.904695
294,3,309,10.932256
294,4,97,11.089650
295,0,61,11.570745
295,1,133,11.829699
295,2,273,12.043345
295,3,108,12.273308
295,4,187,12.320783
296,0,126,8.862075
296,1,157,9.235532
296,2,3,9.251508
296,3,61,9.380032
296,4,161,9.381645
297,0,30,7.988605
297,1,291,8.487561
297,2,90,8.561053
297,3,74,8.838648
297,4,77,9.039008
298,0,61,10.106133
298,1,219,10.391166
298,2,133,10.746057
298,3,176,10.762711
298,4,131,10.837937
299,0,176,10.225939
299,1,39,10.317420
299,2,243,10.912514
299,3,248,10.961291
299,4,23,11.121324
300,0,156,9.311497
300,1,6,9.388854
300,2,1,9.543218
300,3,191,9.905018
300,4,207,10.070698
301,0,112,7.332859
301,1,96,7.955554
301,2,111,8.188849
301,3,136,8.545011
301,4,98,8.642776
302,0,83,10.716962
302,1,53,11.017536
302,2,157,11.047356
302,3,64,11.261456
302,4,135,11.358741
303,0,98,8.683512
303,1,154,8.929110
303,2,284,8.977175
303,3,85,9.260506
303,4,41,9.278090
304,0,31,8.146539
304,1,48,9.201022
304,2,67,10.694445
304,3,57,11.336317
304,4,114,11.567319
305,0,14,8.510000
305,1,157,10.191124
305,2,257,10.294056
305,3,61,10.362809
305,4,135,10.697142
306,0,9,8.966467
306,1,121,9.005325
306,2,240,9.094747
306,3,145,9.159852
306,4,229,9.245175
307,0,243,9.357275
307,1,302,9.616810
307,2,250,9.768421
307,3,187,9.885353
307,4,281,9.914823
308,0,176,10.469809
308,1,277,10.520772
308,2,302,10.595675
308,3,168,10.603140
308,4,221,10.615089
309,0,61,9.961970
309,1,215,10.111557
309,2,45,10.494986
309,3,141,10.814340
309,4,131,10.905805
310,0,246,10.643243
310,1,169,11.041420
310,2,228,11.162475
310,3,118,11.246226
310,4,297,11.270145
311,0,23,13.340580
311,1,296,13.393068
311,2,61,13.573973
311,3,187,13.975748
311,4,243,13.976432
312,0,61,9.292222
312,1,215,9.492650
312,2,302,9.561980
312,3,131,9.573214
312,4,269,9.578463
313,0,271,10.459742
313,1,25,10.477002
313,2,107,10.751425
313,3,281,10.846722
313,4,233,10.951253
314,0,1,9.223191
314,1,17,9.886138
314,2,281,10.027477
314,3,207,10.128939
314,4,38,10.168799
315,0,303,10.804136
315,1,39,11.232218
315,2,86,11.694880
315,3,291,11.896188
315,4,187,11.911029
316,0,61,8.310789
316,1,257,8.668817
316,2,273,9.391645
316,3,187,9.650984
316,4,161,9.696798
317,0,28,9.137406
317,1,169,9.642499
317,2,145,9.807264
317,3,229,9.836958
317,4,290,9.856252
318,0,246,7.906300
318,1,239,9.136925
318,2,127,9.305668
318,3,136,9.357611
318,4,289,9.402067
319,0,301,9.116555
319,1,207,9.230111
319,2,191,9.440598
319,3,122,9.627739
319,4,166,9.667267
320,0,23,10.417866
320,1,144,10.470985
320,2,134,10.593131
320,3,267,10.807173
320,4,277,10.926244
321,0,169,9.693597
321,1,163,10.546925
321,2,184,10.757614
321,3,28,10.798003
321,4,31,10.853854
322,0,145,8.739932
322,1,28,9.136377
322,2,289,9.488750
322,3,169,9.883257
322,4,246,10.310082
323,0,278,10.283844
323,1,183,10.288662
323,2,12,10.517818
323,3,76,11.059222
323,4,15,11.125181
324,0,161,7.749165
324,1,273,8.363770
324,2,302,8.436267
324,3,30,8.806781
324,4,74,8.909453
325,0,31,9.870209
325,1,240,10.021495
325,2,145,10.461649
325,3,114,10.505280
325,4,48,10.789945
326,0,116,9.484382
326,1,281,9.621930
326,2,23,9.641952
326,3,302,9.759404
326,4,190,9.805279
327,0,14,11.074174
327,1,264,11.278915
327,2,90,11.379252
327,3,98,11.735126
327,4,268,11.834683
328,0,292,10.812715
328,1,241,11.171025
328,2,202,11.296521
328,3,233,11.453856
328,4,309,11.478570
329,0,98,7.378095
329,1,80,7.532178
329,2,22,7.673315
329,3,85,7.994799
329,4,96,8.080361
330,0,281,8.793717
330,1,1,9.505794
330,2,234,9.635854
330,3,4,9.699394
330,4,172,9.705427
331,0,238,8.584445
331,1,221,8.956588
331,2,277,9.264578
331,3,245,9.718100
331,4,6,9.754913
332,0,145,9.053251
332,1,154,9.065329
332,2,217,9.716841
332,3,74,9.732478
332,4,94,9.799367
333,0,112,11.173453
333,1,149,11.524263
333,2,132,11.563463
333,3,198,12.034113
333,4,209,12.034953
334,0,212,9.941875
334,1,135,10.071548
334,2,83,10.259636
334,3,157,10.468146
334,4,3,11.084762
335,0,274,9.850602
335,1,222,10.292917
335,2,52,10.449501
335,3,292,10.532487
335,4,233,10.544421
336,0,52,11.022947
336,1,6,11.349035
336,2,277,11.367147
336,3,196,11.753041
336,4,245,11.781602
337,0,137,9.034824
337,1,145,9.170713
337,2,133,9.254371
337,3,155,9.261747
337,4,304,9.308914
338,0,233,9.692164
338,1,69,9.870406
338,2,281,9.885535
338,3,210,9.892803
338,4,282,10.043813
339,0,131,11.142531
339,1,201,11.153799
339,2,273,11.226470
339,3,53,11.240431
339,4,49,11.251546
340,0,219,9.960309
340,1,281,10.651071
340,2,277,10.753786
340,3,226,10.759883
340,4,113,10.956914
341,0,19,9.167519
341,1,215,9.944533
341,2,269,10.526166
341,3,61,10.683993
341,4,14,10.791119
342,0,201,12.481933
342,1,83,12.952239
342,2,140,13.027999
342,3,64,13.276787
342,4,49,13.371618
343,0,53,9.449124
343,1,49,11.431719
343,2,134,11.436510
343,3,141,11.922029
343,4,236,12.057861
344,0,250,11.442011
344,1,241,11.599018
344,2,201,11.853744
344,3,113,12.158103
344,4,282,12.455585
345,0,150,9.640390
345,1,156,10.616966
345,2,38,10.628484
345,3,15,10.827978
345,4,207,10.879528
346,0,209,9.996233
346,1,199,10.027641
346,2,219,11.209982
346,3,281,11.318827
346,4,100,11.541746
347,0,3,9.503311
347,1,49,11.062213
347,2,254,11.234810
347,3,52,11.427118
347,4,134,11.685928
348,0,145,10.024122
348,1,94,10.884565
348,2,290,11.191188
348,3,304,11.237879
348,4,137,11.251041
349,0,221,8.683722
349,1,50,9.128852
349,2,168,9.614226
349,3,281,9.809159
349,4,93,10.052304
350,0,246,8.416162
350,1,78,8.549021
350,2,145,8.958158
350,3,109,9.533219
350,4,224,9.544800
351,0,291,8.339203
351,1,30,8.421853
351,2,272,8.816461
351,3,40,9.046575
351,4,307,9.417641
352,0,114,8.884880
352,1,155,8.907812
352,2,145,9.854174
352,3,162,9.950101
352,4,143,10.036393
353,0,70,9.410775
353,1,36,9.864150
353,2,25,10.097033
353,3,233,10.260665
353,4,69,10.324481
354,0,61,9.644664
354,1,215,10.143736
354,2,74,10.318274
354,3,50,10.553736
354,4,90,10.598407
355,0,281,9.381392
355,1,233,9.413748
355,2,234,9.534147
355,3,93,9.687340
355,4,210,9.944880
356,0,117,8.518151
356,1,136,8.654441
356,2,190,8.726059
356,3,17,8.867329
356,4,195,8.982459
357,0,109,9.608718
357,1,145,9.925941
357,2,246,10.437728
357,3,112,10.500962
357,4,71,10.509427
358,0,180,9.310554
358,1,145,9.474011
358,2,211,9.610534
358,3,28,9.622244
358,4,246,9.669710
359,0,61,8.827291
359,1,23,9.133257
359,2,168,9.829429
359,3,302,9.841558
359,4,131,9.847770
360,0,17,8.706175
360,1,136,9.686930
360,2,37,9.770471
360,3,145,9.793248
360,4,109,10.195142
361,0,14,9.866631
361,1,61,9.986313
361,2,141,10.418545
361,3,45,10.747467
361,4,215,11.224807
362,0,221,10.022893
362,1,176,10.465405
362,2,234,10.514003
362,3,93,10.645938
362,4,122,10.655872
363,0,277,10.264930
363,1,93,11.516166
363,2,52,11.559137
363,3,113,11.568097
363,4,23,11.640103
364,0,277,9.854799
364,1,302,10.549702
364,2,231,10.550370
364,3,168,10.687748
364,4,51,10.692876
365,0,143,9.022193
365,1,155,9.498265
365,2,74,9.647501
365,3,86,9.900549
365,4,61,9.952530
366,0,20,7.931088
366,1,98,8.144231
366,2,136,8.463768
366,3,26,8.761610
366,4,56,8.958532
367,0,145,8.829587
367,1,217,9.100490
367,2,137,9.239377
367,3,74,9.305182
367,4,154,9.515545
368,0,56,7.405698
368,1,80,8.388406
368,2,268,8.524354
368,3,96,8.832158
368,4,20,8.937900
369,0,220,9.422785
369,1,133,9.680185
369,2,30,10.051531
369,3,106,10.130529
369,4,235,10.130881
370,0,2,11.245523
370,1,125,11.479501
370,2,241,11.505391
370,3,52,11.676277
370,4,292,11.944418
371,0,264,7.930088
371,1,85,8.267500
371,2,74,8.353243
371,3,77,8.590201
371,4,154,8.624023
372,0,277,10.742272
372,1,241,10.911770
372,2,171,11.299857
372,3,93,11.459199
372,4,233,11.490363
373,0,61,9.185493
373,1,257,9.253668
373,2,161,9.257641
373,3,157,9.258106
373,4,273,9.425023
374,0,62,9.913207
374,1,93,10.162288
374,2,134,10.260540
374,3,43,10.410281
374,4,277,10.443585
375,0,169,8.119530
375,1,184,8.510043
375,2,145,8.593682
375,3,28,8.646821
375,4,175,8.708478
376,0,61,11.798251
376,1,269,12.178778
376,2,86,12.283856
376,3,302,12.398051
376,4,3,12.445295
377,0,14,9.403462
377,1,135,9.938354
377,2,61,10.855538
377,3,45,11.346903
377,4,215,11.683901
378,0,93,9.223979
378,1,107,9.295161
378,2,136,9.426137
378,3,96,9.442472
378,4,20,9.480229
379,0,9,11.433275
379,1,216,11.562964
379,2,240,11.719584
379,3,283,11.767365
379,4,154,11.811975
380,0,145,10.991901
380,1,31,11.039303
380,2,155,11.041490
380,3,48,11.145787
380,4,130,11.280904
381,0,168,9.199388
381,1,50,9.248384
381,2,187,9.307639
381,3,74,9.362655
381,4,190,9.416270
382,0,287,10.179960
382,1,38,10.996024
382,2,12,11.521348
382,3,76,11.556026
382,4,191,11.648005
383,0,25,10.883679
383,1,278,10.939804
383,2,241,11.054975
383,3,36,11.102929
383,4,65,11.149727
384,0,264,9.361515
384,1,90,10.387609
384,2,98,10.437686
384,3,41,10.449034
384,4,273,10.558372
385,0,229,7.699055
385,1,9,8.014368
385,2,121,8.039712
385,3,253,8.078197
385,4,195,8.347031
386,0,149,10.875154
386,1,112,11.316408
386,2,132,11.627819
386,3,227,12.242464
386,4,44,12.308162
387,0,135,12.379663
387,1,45,14.538101
387,2,212,14.706066
387,3,157,14.800548
387,4,269,14.889424
388,0,243,10.844135
388,1,16,11.315362
388,2,219,11.429560
388,3,51,11.443920
388,4,161,11.728187
389,0,257,8.178049
389,1,161,9.634244
389,2,215,9.679473
389,3,3,9.783462
389,4,273,9.784008
390,0,112,9.456762
390,1,209,9.552193
390,2,136,9.559031
390,3,226,9.667810
390,4,132,9.710290
391,0,83,9.356437
391,1,134,9.758485
391,2,236,9.992795
391,3,64,10.257842
391,4,140,10.337379
392,0,273,10.354092
392,1,215,10.553846
392,2,219,10.617009
392,3,61,10.622730
392,4,45,10.844007
393,0,61,10.689487
393,1,220,10.719177
393,2,291,10.832408
393,3,90,10.886971
393,4,14,10.897317
394,0,269,11.328098
394,1,45,11.442795
394,2,201,11.533531
394,3,83,11.629522
394,4,64,11.782387
395,0,51,9.240038
395,1,187,9.505052
395,2,302,9.724833
395,3,168,9.811921
395,4,106,9.914130
396,0,30,9.420080
396,1,77,9.727551
396,2,220,9.944168
396,3,291,10.123457
396,4,272,10.241523
397,0,168,8.731562
397,1,39,9.056837
397,2,19,9.259065
397,3,143,9.275656
397,4,74,9.279935
398,0,264,7.844758
398,1,98,7.964869
398,2,41,8.143804
398,3,136,8.759248
398,4,90,8.891662
399,0,251,10.467255
399,1,74,12.872750
399,2,307,12.999744
399,3,145,13.014150
399,4,133,13.043829
400,0,209,11.592318
400,1,132,11.731582
400,2,42,11.859205
400,3,297,12.155181
400,4,300,12.216294
401,0,14,10.426428
401,1,45,11.001603
401,2,135,11.829051
401,3,61,11.978061
401,4,141,12.411769
402,0,14,13.133717
402,1,135,13.672351
402,2,53,14.702068
402,3,45,15.096184
402,4,157,15.286324
403,0,307,9.676361
403,1,231,10.274436
403,2,161,10.354103
403,3,187,10.497983
403,4,143,10.537218
404,0,135,10.768774
404,1,157,11.120873
404,2,83,11.443789
404,3,14,11.543803
404,4,3,11.977529
405,0,3,10.104981
405,1,303,10.753602
405,2,19,10.823091
405,3,212,10.981207
405,4,157,11.023897
406,0,61,11.996375
406,1,68,12.271791
406,2,53,12.450005
406,3,144,12.481945
406,4,141,12.616002
407,0,14,9.602271
407,1,61,10.254632
407,2,303,10.419213
407,3,212,10.638918
407,4,157,11.244641
408,0,61,8.501188
408,1,90,8.602882
408,2,264,8.650501
408,3,74,8.669066
408,4,14,9.421502
409,0,170,11.774521
409,1,241,12.662973
409,2,267,12.762373
409,3,138,12.943629
409,4,202,13.102448
410,0,113,9.876585
410,1,96,10.084700
410,2,136,10.206532
410,3,235,10.253860
410,4,112,10.609228
411,0,49,11.073185
411,1,53,11.167162
411,2,201,11.640457
411,3,273,11.645002
411,4,263,11.945026
412,0,141,9.771289
412,1,248,9.875259
412,2,83,9.890471
412,3,61,10.032881
412,4,64,10.196180
413,0,145,8.766300
413,1,187,9.805086
413,2,176,9.920697
413,3,190,10.240433
413,4,136,10.261941
414,0,192,10.697458
414,1,221,11.404928
414,2,171,11.432677
414,3,6,11.501186
414,4,33,11.537420
415,0,14,9.171123
415,1,19,9.665925
415,2,61,9.868446
415,3,90,10.071324
415,4,215,10.180068
416,0,61,10.987547
416,1,14,11.291584
416,2,220,11.963068
416,3,90,12.010163
416,4,215,12.136401
417,0,35,12.060549
417,1,46,12.442352
417,2,129,12.485822
417,3,15,12.557240
417,4,70,12.596454
418,0,136,9.765488
418,1,145,9.905005
418,2,20,10.284236
418,3,113,10.366870
418,4,187,10.415366
419,0,1,9.760918
419,1,219,9.880889
419,2,281,9.913311
419,3,301,9.924846
419,4,235,9.929076
420,0,36,10.839136
420,1,76,11.099545
420,2,100,11.204553
420,3,287,11.210129
420,4,171,11.304790
421,0,210,10.139554
421,1,262,10.231933
421,2,309,10.585531
421,3,6,10.712219
421,4,281,10.736183
422,0,210,10.611609
422,1,281,10.816304
422,2,205,11.167831
422,3,152,11.307802
422,4,51,11.363772
423,0,166,9.402142
423,1,38,9.404332
423,2,156,9.604225
423,3,233,9.641619
423,4,150,9.781699
424,0,277,9.308547
424,1,281,9.643578
424,2,23,9.691922
424,3,93,9.705323
424,4,126,9.714743
425,0,55,12.402570
425,1,125,13.131397
425,2,2,13.140697
425,3,65,13.481756
425,4,101,13.737661
426,0,145,9.208873
426,1,246,9.761487
426,2,127,10.514212
426,3,275,10.673147
426,4,146,10.969818
427,0,169,13.210845
427,1,145,13.424870
427,2,216,13.735486
427,3,209,13.766949
427,4,228,13.836892
428,0,145,9.271713
428,1,90,9.939152
428,2,154,10.148260
428,3,30,10.340894
428,4,108,10.407478
429,0,30,8.351142
429,1,90,8.824536
429,2,145,8.956758
429,3,77,9.076491
429,4,264,9.094032
430,0,277,8.795903
430,1,23,9.312032
430,2,302,9.456143
430,3,264,9.553087
430,4,231,10.036165
431,0,145,8.527976
431,1,74,9.030950
431,2,71,9.159929
431,3,77,9.191645
431,4,59,9.263142
432,0,31,9.356051
432,1,67,9.794775
432,2,169,10.106220
432,3,92,10.237676
432,4,229,10.580095
433,0,300,10.355091
433,1,25,10.542841
433,2,70,10.764310
433,3,241,10.843164
433,4,69,10.879503
434,0,122,10.711541
434,1,176,10.756389
434,2,142,10.929685
434,3,156,11.042377
434,4,4,11.116556
435,0,272,8.380872
435,1,161,8.833340
435,2,273,8.847662
435,3,74,8.878252
435,4,215,8.931369
436,0,150,9.563040
436,1,15,10.574163
436,2,38,10.611127
436,3,156,10.618826
436,4,70,10.784476
437,0,41,8.498865
437,1,277,8.574990
437,2,90,8.611119
437,3,302,8.640992
437,4,215,8.650311
438,0,176,11.420646
438,1,304,12.455965
438,2,187,12.630358
438,3,156,12.811996
438,4,133,13.052118
439,0,226,12.249938
439,1,209,12.817698
439,2,156,13.223976
439,3,281,13.235569
439,4,292,13.266892
440,0,61,9.573198
440,1,248,9.926137
440,2,50,10.630132
440,3,296,11.073108
440,4,45,11.157672
441,0,112,12.526561
441,1,283,12.530904
441,2,246,12.588258
441,3,108,12.821948
441,4,211,12.860744
442,0,215,8.555462
442,1,90,8.790809
442,2,61,8.892825
442,3,14,8.984131
442,4,131,9.702326
443,0,20,9.139727
443,1,136,9.283814
443,2,145,9.299218
443,3,44,9.468047
443,4,289,9.566166
444,0,83,10.484413
444,1,144,10.517273
444,2,205,10.894704
444,3,157,11.093189
444,4,236,11.202915
445,0,127,8.317851
445,1,145,8.828716
445,2,284,8.988247
445,3,154,9.017016
445,4,98,9.019838
446,0,273,9.993565
446,1,90,10.155790
446,2,264,10.324129
446,3,20,10.593030
446,4,61,10.725828
447,0,277,10.858757
447,1,23,10.966888
447,2,267,11.272507
447,3,245,11.289560
447,4,296,11.449244
448,0,277,10.067321
448,1,90,10.241904
448,2,61,10.361853
448,3,219,10.427469
448,4,131,10.711462
449,0,219,8.402967
449,1,133,9.099071
449,2,281,9.201616
449,3,107,9.292456
449,4,176,9.418004
450,0,145,8.270936
450,1,112,9.371249
450,2,136,9.511894
450,3,17,9.778389
450,4,109,9.938175
451,0,205,10.970550
451,1,301,11.674364
451,2,51,11.762981
451,3,257,11.857651
451,4,194,11.935798
452,0,145,11.508471
452,1,112,11.618769
452,2,226,11.697235
452,3,136,11.747777
452,4,132,11.820005
453,0,61,8.393894
453,1,30,8.726688
453,2,90,8.798710
453,3,143,8.918594
453,4,19,8.986406
454,0,14,9.092888
454,1,257,9.998449
454,2,61,10.606662
454,3,83,10.642833
454,4,135,10.671329
455,0,61,8.701638
455,1,303,9.634219
455,2,14,9.642226
455,3,157,9.902598
455,4,143,9.906055
456,0,108,10.224832
456,1,145,10.697923
456,2,112,10.974886
456,3,209,11.240075
456,4,136,11.286440
457,0,166,8.743661
457,1,207,9.207156
457,2,286,9.475619
457,3,38,9.549346
457,4,84,9.754303
458,0,59,12.031138
458,1,220,12.589671
458,2,145,12.858186
458,3,133,13.068251
458,4,176,13.190563
459,0,145,7.561548
459,1,253,8.350886
459,2,91,8.362883
459,3,229,8.364842
459,4,114,8.399698
460,0,90,9.029181
460,1,187,9.488397
460,2,61,9.693439
460,3,98,9.720332
460,4,93,9.784042
461,0,113,9.615763
461,1,219,9.920725
461,2,136,10.073797
461,3,277,10.081604
461,4,98,10.146125
462,0,55,11.869566
462,1,288,11.959725
462,2,237,12.170012
462,3,170,12.292048
462,4,76,12.373565
463,0,90,8.948973
463,1,215,8.952372
463,2,61,9.247974
463,3,45,9.589566
463,4,131,9.770571
464,0,302,9.365676
464,1,168,10.264971
464,2,231,10.462486
464,3,176,10.598430
464,4,277,10.628515
465,0,14,9.961581
465,1,303,10.136874
465,2,61,10.379767
465,3,212,10.801746
465,4,291,10.876293
466,0,157,10.257916
466,1,212,10.767048
466,2,291,10.883558
466,3,273,10.902082
466,4,3,10.911078
467,0,260,9.516651
467,1,21,9.531865
467,2,221,9.648377
467,3,17,9.827886
467,4,234,9.867496
468,0,122,9.948908
468,1,109,10.109036
468,2,145,10.192592
468,3,142,10.208795
468,4,17,10.347520
469,0,245,10.271818
469,1,210,10.441809
469,2,152,10.708800
469,3,241,10.970697
469,4,301,11.355207
470,0,83,9.728852
470,1,61,9.739142
470,2,135,9.946714
470,3,14,10.068437
470,4,64,10.190995
471,0,120,9.858679
471,1,229,9.988867
471,2,9,10.609050
471,3,121,10.817212
471,4,242,10.954459
472,0,269,9.040777
472,1,61,9.110276
472,2,215,9.144377
472,3,19,9.709407
472,4,135,9.789075
473,0,145,10.446829
473,1,220,10.471843
473,2,108,10.945985
473,3,59,11.084748
473,4,77,11.294268
474,0,131,8.730199
474,1,141,9.479370
474,2,61,9.584339
474,3,277,9.632106
474,4,90,9.646615
475,0,262,10.274489
475,1,222,10.558472
475,2,6,10.901688
475,3,1,11.166358
475,4,38,11.519755
476,0,219,9.788610
476,1,277,9.793965
476,2,90,9.845046
476,3,113,10.173867
476,4,61,10.186936
477,0,109,9.618251
477,1,59,9.689482
477,2,71,9.990966
477,3,112,9.994967
477,4,17,10.089326
478,0,140,12.835673
478,1,201,12.978159
478,2,83,13.279876
478,3,181,13.358479
478,4,64,13.374348
479,0,219,10.999967
479,1,50,11.506654
479,2,45,11.680578
479,3,250,11.885630
479,4,61,12.138227
480,0,245,9.509773
480,1,210,10.118807
480,2,1,10.162342
480,3,262,10.327156
480,4,6,10.398761
481,0,201,13.944743
481,1,45,14.551821
481,2,135,15.311643
481,3,141,15.329610
481,4,49,15.336496
482,0,145,9.897642
482,1,230,11.022402
482,2,290,11.033707
482,3,9,11.051341
482,4,94,11.120791
483,0,3,9.625853
483,1,19,10.116301
483,2,257,10.487812
483,3,143,10.565051
483,4,61,10.686889
484,0,176,10.390290
484,1,187,10.770279
484,2,3,10.826329
484,3,190,10.961898
484,4,226,11.110457
485,0,109,9.323914
485,1,145,9.544426
485,2,253,9.575519
485,3,17,9.666544
485,4,104,10.124764
486,0,53,9.961554
486,1,257,10.452775
486,2,83,10.545628
486,3,236,10.700758
486,4,64,10.754314
487,0,17,8.481598
487,1,37,8.534655
487,2,169,8.977542
487,3,184,9.006359
487,4,163,9.100218
488,0,31,12.234415
488,1,92,12.756705
488,2,169,12.799693
488,3,48,12.808596
488,4,57,12.859836
489,0,229,8.731268
489,1,240,9.598842
489,2,120,9.794625
489,3,121,10.031736
489,4,31,10.190585
490,0,140,8.633643
490,1,296,10.441061
490,2,236,10.533916
490,3,23,10.842909
490,4,64,11.000195
491,0,140,12.533213
491,1,126,13.213293
491,2,269,13.304059
491,3,201,13.432260
491,4,157,13.485595
492,0,61,11.030943
492,1,155,11.385512
492,2,145,11.459667
492,3,74,11.516388
492,4,90,11.536518
493,0,137,9.501207
493,1,276,9.538826
493,2,145,9.944889
493,3,253,10.002343
493,4,304,10.051488
494,0,109,9.247321
494,1,253,9.455894
494,2,198,9.804323
494,3,104,9.821782
494,4,184,9.839526
495,0,269,10.416582
495,1,257,10.577132
495,2,19,10.657633
495,3,135,10.688848
495,4,157,10.920442
496,0,281,7.728142
496,1,106,8.221512
496,2,233,8.640675
496,3,234,8.693750
496,4,93,8.890982
497,0,292,12.265068
497,1,65,12.530695
497,2,226,12.627026
497,3,156,12.761527
497,4,38,12.861547
498,0,209,11.235261
498,1,132,11.458162
498,2,271,11.528513
498,3,149,11.547042
498,4,281,11.771045
499,0,282,10.405919
499,1,250,10.547662
499,2,113,10.871230
499,3,263,10.928537
499,4,281,10.990080
500,0,289,9.947546
500,1,268,10.556133
500,2,113,10.577253
500,3,136,10.622440
500,4,116,10.646715
501,0,233,9.367503
501,1,210,9.705842
501,2,281,9.990602
501,3,241,10.154754
501,4,282,10.179363
502,0,229,10.077662
502,1,204,10.223775
502,2,242,10.249104
502,3,275,10.331526
502,4,120,11.044045
503,0,31,10.761372
503,1,221,10.832726
503,2,276,11.079390
503,3,217,11.267908
503,4,67,11.337267
504,0,65,10.773315
504,1,125,10.869105
504,2,101,11.179400
504,3,52,11.405736
504,4,262,11.561093
505,0,229,8.809428
505,1,145,9.024273
505,2,290,9.252629
505,3,120,9.369504
505,4,0,9.497503
506,0,220,9.672809
506,1,59,9.780511
506,2,145,9.797953
506,3,168,9.888076
506,4,143,10.177858
507,0,210,10.830171
507,1,245,10.840040
507,2,152,11.269097
507,3,241,11.569123
507,4,301,12.063767
508,0,90,8.595252
508,1,14,9.473525
508,2,61,9.926278
508,3,215,9.938384
508,4,19,10.184779
509,0,49,10.068666
509,1,53,10.510313
509,2,64,10.855825
509,3,236,11.486450
509,4,201,11.507884
510,0,145,9.459902
510,1,90,10.239440
510,2,30,10.323922
510,3,154,10.588993
510,4,108,10.684950
511,0,112,7.702285
511,1,111,8.098296
511,2,96,8.380085
511,3,22,8.432066
511,4,71,8.654222
